Date,adj_close
1/2/08,118.187241
1/3/08,118.130196
1/4/08,115.235207
1/7/08,115.137352
1/8/08,113.278084
1/9/08,114.468658
1/10/08,115.218918
1/11/08,114.289261
1/14/08,115.210793
1/15/08,112.674622
1/16/08,111.704193
1/17/08,108.809265
1/18/08,107.692047
1/22/08,106.599312
1/23/08,109.159904
1/24/08,110.081406
1/25/08,108.491234
1/28/08,110.285255
1/29/08,110.831635
1/30/08,110.016167
1/31/08,112.022232
2/1/08,113.824463
2/4/08,112.389229
2/5/08,109.380104
2/6/08,108.499367
2/7/08,109.216988
2/8/08,108.515717
2/11/08,109.070221
2/12/08,110.081406
2/13/08,111.206757
2/14/08,110.228195
2/15/08,110.20372
2/19/08,110.513573
2/20/08,110.839798
2/21/08,109.918274
2/22/08,110.595161
2/25/08,111.989609
2/26/08,112.829567
2/27/08,112.715378
2/28/08,111.614487
2/29/08,109.127319
3/3/08,108.866341
3/4/08,108.450432
3/5/08,109.135445
3/6/08,106.876579
3/7/08,105.775673
3/10/08,104.381195
3/11/08,108.132416
3/12/08,107.121223
3/13/08,107.357704
3/14/08,105.694138
3/17/08,104.625854
3/18/08,108.972351
3/19/08,106.273125
3/20/08,108.241592
3/24/08,110.405106
3/25/08,110.51165
3/26/08,109.159439
3/27/08,108.815224
3/28/08,107.774483
3/31/08,108.151466
4/1/08,111.953972
4/2/08,112.027718
4/3/08,112.306396
4/4/08,112.183464
4/7/08,112.240852
4/8/08,112.126083
4/9/08,111.314758
4/10/08,111.470497
4/11/08,109.306999
4/14/08,108.938164
4/15/08,109.192238
4/16/08,112.150665
4/17/08,112.31459
4/18/08,113.486511
4/21/08,113.543831
4/22/08,113.043953
4/23/08,112.863678
4/24/08,113.35537
4/25/08,114.404366
4/28/08,114.428947
4/29/08,113.978241
4/30/08,113.30619
5/1/08,115.650024
5/2/08,115.969612
5/5/08,115.412338
5/6/08,116.412155
5/7/08,114.338821
5/8/08,114.043709
5/9/08,113.830666
5/12/08,115.109138
5/13/08,115.125511
5/14/08,115.363182
5/15/08,116.805534
5/16/08,116.912102
5/19/08,117.231628
5/20/08,116.281021
5/21/08,114.314224
5/22/08,114.330589
5/23/08,112.798111
5/27/08,113.634003
5/28/08,114.158485
5/29/08,114.73214
5/30/08,115.018997
6/2/08,113.830666
6/3/08,113.166878
6/4/08,113.109482
6/5/08,115.371353
6/6/08,111.691742
6/9/08,111.962212
6/10/08,111.404907
6/11/08,109.7659
6/12/08,110.183846
6/13/08,111.577003
6/16/08,111.642555
6/17/08,111.1017
6/18/08,110.019936
6/19/08,110.159264
6/20/08,108.371208
6/23/08,108.264137
6/24/08,108.049973
6/25/08,108.5606
6/26/08,105.612068
6/27/08,105.035553
6/30/08,105.406158
7/1/08,105.735626
7/2/08,103.923683
7/3/08,104.030716
7/7/08,102.968285
7/8/08,104.7967
7/9/08,102.778862
7/10/08,103.198898
7/11/08,101.996384
7/14/08,101.073967
7/15/08,99.649124
7/16/08,102.095261
7/17/08,103.116531
7/18/08,103.758949
7/21/08,103.81662
7/22/08,104.994377
7/23/08,105.56266
7/24/08,103.371834
7/25/08,103.347145
7/28/08,101.831696
7/29/08,104.006035
7/30/08,105.859169
7/31/08,104.459038
8/1/08,103.907188
8/4/08,102.943565
8/5/08,105.719147
8/6/08,106.188606
8/7/08,104.607254
8/8/08,106.55098
8/11/08,107.654648
8/12/08,106.534554
8/13/08,105.892097
8/14/08,106.69101
8/15/08,107.209908
8/18/08,105.743843
8/19/08,104.59079
8/20/08,105.076729
8/21/08,105.257942
8/22/08,106.781624
8/25/08,104.615509
8/26/08,104.920227
8/27/08,105.941521
8/28/08,107.226349
8/29/08,106.073288
9/2/08,105.414406
9/3/08,105.323814
9/4/08,102.152901
9/5/08,102.474098
9/8/08,104.59079
9/9/08,101.485786
9/10/08,101.897575
9/11/08,103.371834
9/12/08,103.849548
9/15/08,98.907875
9/16/08,100.563339
9/17/08,96.041687
9/18/08,98.891388
9/19/08,102.818756
9/22/08,100.490997
9/23/08,98.204659
9/24/08,98.519463
9/25/08,100.060234
9/26/08,100.109924
9/29/08,92.265167
9/30/08,96.084007
10/1/08,96.141991
10/2/08,92.654495
10/3/08,91.403641
10/6/08,86.748138
10/7/08,82.863029
10/8/08,80.775482
10/9/08,75.134232
10/10/08,73.311798
10/13/08,83.956497
10/14/08,82.713921
10/15/08,74.570915
10/16/08,77.677376
10/17/08,77.213455
10/20/08,81.852394
10/21/08,79.408684
10/22/08,75.084526
10/23/08,75.954315
10/24/08,72.102348
10/27/08,69.542656
10/28/08,77.669067
10/29/08,77.105789
10/30/08,79.77317
10/31/08,80.212189
11/3/08,80.44416
11/4/08,83.177818
11/5/08,79.68206
11/6/08,75.266792
11/7/08,77.751915
11/10/08,76.733002
11/11/08,74.363831
11/12/08,71.091713
11/13/08,75.523567
11/14/08,71.754433
11/17/08,70.801788
11/18/08,72.135475
11/19/08,67.5131
11/20/08,62.501392
11/21/08,65.872887
11/24/08,70.437294
11/25/08,70.959206
11/26/08,73.701111
11/28/08,74.628883
12/1/08,68.01841
12/2/08,70.636139
12/3/08,72.334305
12/4/08,70.660965
12/5/08,72.839622
12/8/08,75.382744
12/9/08,74.14016
12/10/08,74.645493
12/11/08,72.8479
12/12/08,73.717697
12/15/08,72.690506
12/16/08,76.11171
12/17/08,75.374443
12/18/08,73.966225
12/19/08,73.648018
12/22/08,72.704369
12/23/08,71.952766
12/24/08,72.370346
12/26/08,72.78788
12/29/08,72.579094
12/30/08,74.299416
12/31/08,75.360008
1/2/09,77.631493
1/5/09,77.539619
1/6/09,78.057381
1/7/09,75.719078
1/8/09,76.028091
1/9/09,74.399643
1/12/09,72.612503
1/13/09,72.746117
1/14/09,70.457939
1/15/09,70.482971
1/16/09,71.034157
1/20/09,67.284538
1/21/09,70.190681
1/22/09,69.105057
1/23/09,69.405708
1/26/09,69.881699
1/27/09,70.59153
1/28/09,72.979965
1/29/09,70.608269
1/30/09,69.171875
2/2/09,68.963081
2/3/09,69.931793
2/4/09,69.589417
2/5/09,70.624939
2/6/09,72.63755
2/9/09,72.737762
2/10/09,69.405708
2/11/09,69.814888
2/12/09,69.865021
2/13/09,69.113403
2/17/09,66.157112
2/18/09,65.998459
2/19/09,65.288605
2/20/09,64.653938
2/23/09,62.34071
2/24/09,64.704041
2/25/09,64.194626
2/26/09,63.150761
2/27/09,61.739407
3/2/09,58.9585
3/3/09,58.515911
3/4/09,59.902168
3/5/09,57.455326
3/6/09,57.555531
3/9/09,56.879089
3/10/09,60.269638
3/11/09,60.662121
3/12/09,63.050533
3/13/09,63.543259
3/16/09,63.35117
3/17/09,65.288605
3/18/09,66.750023
3/19/09,65.923286
3/20/09,64.519516
3/23/09,69.153885
3/24/09,67.791351
3/25/09,68.506271
3/26/09,69.902473
3/27/09,68.640839
3/30/09,66.268982
3/31/09,66.882973
4/1/09,68.178253
4/2/09,70.171616
4/3/09,70.86972
4/6/09,70.314606
4/7/09,68.674477
4/8/09,69.414635
4/9/09,72.173386
4/13/09,72.190201
4/14/09,70.945419
4/15/09,71.702393
4/16/09,72.753738
4/17/09,73.24157
4/20/09,70.171616
4/21/09,71.542572
4/22/09,71.105194
4/23/09,71.803299
4/24/09,72.888313
4/27/09,72.198616
4/28/09,71.971535
4/29/09,73.502289
4/30/09,73.527534
5/1/09,73.922844
5/4/09,76.437691
5/5/09,76.176949
5/6/09,77.497459
5/7/09,76.420845
5/8/09,78.203972
5/11/09,76.740486
5/12/09,76.51339
5/13/09,74.587288
5/14/09,75.226524
5/15/09,74.612534
5/18/09,76.732056
5/19/09,76.639549
5/20/09,76.126503
5/21/09,75.033104
5/22/09,74.873283
5/26/09,76.790947
5/27/09,75.419991
5/28/09,76.471321
5/29/09,77.82547
6/1/09,79.709496
6/2/09,79.776794
6/3/09,78.767494
6/4/09,79.507645
6/5/09,79.524452
6/8/09,79.196426
6/9/09,79.600174
6/10/09,79.3983
6/11/09,79.751556
6/12/09,79.970222
6/15/09,78.136673
6/16/09,77.076889
6/17/09,77.001205
6/18/09,77.564751
6/19/09,77.850632
6/22/09,75.516113
6/23/09,75.575356
6/24/09,76.226616
6/25/09,77.884476
6/26/09,77.68145
6/29/09,78.408905
6/30/09,77.774498
7/1/09,78.095901
7/2/09,75.964424
7/6/09,75.955963
7/7/09,74.484207
7/8/09,74.433456
7/9/09,74.57724
7/10/09,74.399643
7/13/09,76.209724
7/14/09,76.64109
7/15/09,78.882561
7/16/09,78.755684
7/17/09,79.618423
7/20/09,80.464241
7/21/09,80.836433
7/22/09,80.819534
7/23/09,82.60424
7/24/09,82.942574
7/27/09,83.18782
7/28/09,82.798752
7/29/09,82.595764
7/30/09,83.458511
7/31/09,83.576935
8/3/09,84.95565
8/4/09,85.175545
8/5/09,84.930267
8/6/09,84.49044
8/7/09,85.598488
8/10/09,85.420845
8/11/09,84.355103
8/12/09,85.260139
8/13/09,85.911446
8/14/09,85.251678
8/17/09,83.153999
8/18/09,83.813751
8/19/09,84.549652
8/20/09,85.420845
8/21/09,87.095596
8/24/09,87.087143
8/25/09,87.256325
8/26/09,87.264763
8/27/09,87.459305
8/28/09,87.442398
8/31/09,86.664223
9/1/09,84.75264
9/2/09,84.431213
9/3/09,85.133263
9/4/09,86.325912
9/8/09,87.070244
9/9/09,87.738449
9/10/09,88.635025
9/11/09,88.618095
9/14/09,89.049461
9/15/09,89.421646
9/16/09,90.774994
9/17/09,90.639664
9/18/09,90.697456
9/21/09,90.468002
9/22/09,90.994896
9/23/09,90.238533
9/24/09,89.244186
9/25/09,88.768242
9/28/09,90.357506
9/29/09,90.085526
9/30/09,89.737083
10/1/09,87.510452
10/2/09,87.102547
10/5/09,88.402824
10/6/09,89.66909
10/7/09,89.915581
10/8/09,90.603966
10/9/09,91.156372
10/12/09,91.513321
10/13/09,91.326355
10/14/09,92.898605
10/15/09,93.238525
10/16/09,92.541656
10/19/09,93.306526
10/20/09,92.813599
10/21/09,91.980743
10/22/09,92.915604
10/23/09,91.853256
10/26/09,90.858917
10/27/09,90.442467
10/28/09,88.734261
10/29/09,90.637955
10/30/09,88.011887
11/2/09,88.657768
11/3/09,88.938232
11/4/09,89.167671
11/5/09,90.807907
11/6/09,91.045898
11/9/09,93.119591
11/10/09,93.136574
11/11/09,93.612495
11/12/09,92.660629
11/13/09,93.162033
11/16/09,94.513329
11/17/09,94.623795
11/18/09,94.564323
11/19/09,93.332016
11/20/09,93.000565
11/23/09,94.181892
11/24/09,94.326355
11/25/09,94.657806
11/27/09,93.119591
11/30/09,93.434029
12/1/09,94.589813
12/2/09,94.547325
12/3/09,93.807922
12/4/09,94.343376
12/7/09,94.198868
12/8/09,93.153557
12/9/09,93.501976
12/10/09,94.028908
12/11/09,94.428345
12/14/09,95.074242
12/15/09,94.632317
12/16/09,94.776756
12/17/09,93.637978
12/18/09,94.167725
12/21/09,95.12471
12/22/09,95.466461
12/23/09,95.654449
12/24/09,96.107285
12/28/09,96.312355
12/29/09,96.175652
12/30/09,96.141449
12/31/09,95.218681
1/4/10,96.833588
1/5/10,97.089912
1/6/10,97.158264
1/7/10,97.568398
1/8/10,97.893082
1/11/10,98.029793
1/12/10,97.11554
1/13/10,97.935783
1/14/10,98.200684
1/15/10,97.098465
1/19/10,98.311745
1/20/10,97.31205
1/21/10,95.440842
1/22/10,93.313301
1/25/10,93.791763
1/26/10,93.398712
1/27/10,93.84304
1/28/10,92.766464
1/29/10,91.758217
2/1/10,93.185127
2/2/10,94.312981
2/3/10,93.84304
2/4/10,90.946495
2/5/10,91.13446
2/8/10,90.476578
2/9/10,91.612938
2/10/10,91.433533
2/11/10,92.39048
2/12/10,92.313576
2/16/10,93.766136
2/17/10,94.210419
2/18/10,94.765846
2/19/10,94.962341
2/22/10,94.979446
2/23/10,93.825935
2/24/10,94.688957
2/25/10,94.560776
2/26/10,94.620583
3/1/10,95.603172
3/2/10,95.868065
3/3/10,95.953484
3/4/10,96.244026
3/5/10,97.619644
3/8/10,97.636719
3/9/10,97.799095
3/10/10,98.234856
3/11/10,98.644989
3/12/10,98.653557
3/15/10,98.679146
3/16/10,99.465248
3/17/10,100.054825
3/18/10,100.003555
3/19/10,99.49733
3/22/10,100.029266
3/23/10,100.732826
3/24/10,100.243759
3/25/10,100.08075
3/26/10,100.020706
3/29/10,100.655602
3/30/10,100.724228
3/31/10,100.381035
4/1/10,101.067421
4/5/10,101.891052
4/6/10,102.131287
4/7/10,101.547867
4/8/10,101.899635
4/9/10,102.568848
4/12/10,102.73185
4/13/10,102.809059
4/14/10,103.975899
4/15/10,104.061691
4/16/10,102.405823
4/19/10,102.791885
4/20/10,103.70993
4/21/10,103.521164
4/22/10,103.830032
4/23/10,104.507805
4/26/10,104.113167
4/27/10,101.650841
4/28/10,102.422981
4/29/10,103.692757
4/30/10,101.933952
5/3/10,103.255196
5/4/10,100.827171
5/5/10,100.226601
5/6/10,96.897751
5/7/10,95.456375
5/10/10,99.660347
5/11/10,99.37722
5/12/10,100.76712
5/13/10,99.514496
5/14/10,97.712814
5/17/10,97.764267
5/18/10,96.434471
5/19/10,95.885338
5/20/10,92.264763
5/21/10,93.611748
5/24/10,92.410614
5/25/10,92.504982
5/26/10,91.947319
5/27/10,95.027397
5/28/10,93.834824
6/1/10,92.256172
6/2/10,94.658463
6/3/10,94.984489
6/4/10,91.647034
6/7/10,90.505943
6/8/10,91.475433
6/9/10,90.986412
6/10/10,93.646057
6/11/10,94.100792
6/14/10,93.954941
6/15/10,96.091248
6/16/10,96.056915
6/17/10,96.211365
6/18/10,96.315689
6/21/10,96.039825
6/22/10,94.453674
6/23/10,94.160583
6/24/10,92.600281
6/25/10,92.988205
6/28/10,92.695114
6/29/10,89.83316
6/30/10,88.979729
7/1/10,88.583176
7/2/10,88.100449
7/6/10,88.678001
7/7/10,91.471024
7/8/10,92.376152
7/9/10,93.065796
7/12/10,93.126137
7/13/10,94.531265
7/14/10,94.522629
7/15/10,94.548492
7/16/10,91.945145
7/19/10,92.488228
7/20/10,93.514046
7/21/10,92.298561
7/22/10,94.358826
7/23/10,95.17778
7/26/10,96.169121
7/27/10,96.160522
7/28/10,95.539841
7/29/10,95.074356
7/30/10,95.057098
8/2/10,97.203583
8/3/10,96.738083
8/4/10,97.384613
8/5/10,97.281158
8/6/10,96.884636
8/9/10,97.401855
8/10/10,96.875992
8/11/10,94.220932
8/12/10,93.643341
8/13/10,93.3675
8/16/10,93.324394
8/17/10,94.470901
8/18/10,94.643311
8/19/10,92.996834
8/20/10,92.695114
8/23/10,92.341698
8/24/10,90.971024
8/25/10,91.324448
8/26/10,90.71244
8/27/10,92.117538
8/30/10,90.781372
8/31/10,90.781372
9/1/10,93.496773
9/2/10,94.36747
9/3/10,95.591568
9/7/10,94.514023
9/8/10,95.17778
9/9/10,95.617424
9/10/10,96.100151
9/13/10,97.16909
9/14/10,97.108749
9/15/10,97.479446
9/16/10,97.45359
9/17/10,97.48996
9/20/10,98.980606
9/21/10,98.781281
9/22/10,98.295967
9/23/10,97.498642
9/24/10,99.509285
9/27/10,99.032623
9/28/10,99.379272
9/29/10,99.205956
9/30/10,98.911278
10/1/10,99.327301
10/4/10,98.58197
10/5/10,100.566605
10/6/10,100.557907
10/7/10,100.436584
10/8/10,100.999931
10/11/10,101.095245
10/12/10,101.407242
10/13/10,102.1959
10/14/10,101.797249
10/15/10,102.005241
10/18/10,102.507904
10/19/10,101.164589
10/20/10,102.152565
10/21/10,102.377899
10/22/10,102.568565
10/25/10,102.871895
10/26/10,102.889214
10/27/10,102.594566
10/28/10,102.611893
10/29/10,102.689903
11/1/10,102.724571
11/2/10,103.539215
11/3/10,103.955223
11/4/10,105.957207
11/5/10,106.35585
11/8/10,106.156517
11/9/10,105.393867
11/10/10,105.818527
11/11/10,105.419861
11/12/10,104.171875
11/15/10,104.024529
11/16/10,102.4039
11/17/10,102.455902
11/18/10,103.963875
11/19/10,104.249893
11/22/10,104.163208
11/23/10,102.655235
11/24/10,104.171875
11/26/10,102.958557
11/29/10,103.270576
11/30/10,102.689903
12/1/10,104.873886
12/2/10,106.217163
12/3/10,106.503174
12/6/10,106.390495
12/7/10,106.45118
12/8/10,106.841164
12/9/10,107.257164
12/10/10,107.881165
12/13/10,107.950485
12/14/10,108.045815
12/15/10,107.551826
12/16/10,108.175827
12/17/10,108.291702
12/20/10,108.55307
12/21/10,109.241302
12/22/10,109.581085
12/23/10,109.424278
12/27/10,109.467819
12/28/10,109.624664
12/29/10,109.703064
12/30/10,109.528824
12/31/10,109.55497
1/3/11,110.687531
1/4/11,110.626541
1/5/11,111.201553
1/6/11,110.983749
1/7/11,110.76593
1/10/11,110.626541
1/11/11,111.0186
1/12/11,112.020493
1/13/11,111.837509
1/14/11,112.647758
1/18/11,112.839424
1/19/11,111.732971
1/20/11,111.584877
1/21/11,111.837509
1/24/11,112.473511
1/25/11,112.5345
1/26/11,112.970108
1/27/11,113.248917
1/28/11,111.271248
1/31/11,112.107582
2/1/11,113.902283
2/2/11,113.684502
2/3/11,113.937157
2/4/11,114.259483
2/7/11,114.973869
2/8/11,115.496643
2/9/11,115.23526
2/10/11,115.278816
2/11/11,115.967056
2/14/11,116.245865
2/15/11,115.879959
2/16/11,116.611801
2/17/11,116.960266
2/18/11,117.204193
2/22/11,114.851921
2/23/11,114.14624
2/24/11,114.067818
2/25/11,115.287544
2/28/11,116.001938
3/1/11,114.067818
3/2/11,114.31179
3/3/11,116.280708
3/4/11,115.4095
3/7/11,114.503448
3/8/11,115.505348
3/9/11,115.339828
3/10/11,113.205299
3/11/11,113.989418
3/14/11,113.301186
3/15/11,112.003052
3/16/11,109.929588
3/17/11,111.384499
3/18/11,111.789619
3/21/11,113.522118
3/22/11,113.128372
3/23/11,113.452126
3/24/11,114.537102
3/25/11,114.887131
3/28/11,114.607124
3/29/11,115.377129
3/30/11,116.173378
3/31/11,116.015831
4/1/11,116.505844
4/4/11,116.602097
4/5/11,116.58461
4/6/11,116.95211
4/7/11,116.654617
4/8/11,116.252113
4/11/11,115.9021
4/12/11,115.035858
4/13/11,115.027107
4/14/11,115.114601
4/15/11,115.534584
4/18/11,114.239624
4/19/11,114.895866
4/20/11,116.462128
4/21/11,117.057114
4/25/11,116.934601
4/26/11,117.940857
4/27/11,118.710838
4/28/11,119.095848
4/29/11,119.375854
5/2/11,119.192101
5/3/11,118.763374
5/4/11,117.97583
5/5/11,116.908356
5/6/11,117.424622
5/9/11,117.879593
5/10/11,118.885849
5/11/11,117.634605
5/12/11,118.194618
5/13/11,117.284622
5/16/11,116.540855
5/17/11,116.523376
5/18/11,117.56459
5/19/11,117.844574
5/20/11,116.908356
5/23/11,115.552101
5/24/11,115.455856
5/25/11,115.840874
5/26/11,116.374611
5/27/11,116.820862
5/31/11,118.037079
6/1/11,115.385872
6/2/11,115.263359
6/3/11,114.117134
6/6/11,112.909645
6/7/11,112.839638
6/8/11,112.367111
6/9/11,113.224609
6/10/11,111.649635
6/13/11,111.737122
6/14/11,113.154625
6/15/11,111.142128
6/16/11,111.387131
6/17/11,111.719536
6/20/11,112.291084
6/21/11,113.82991
6/22/11,113.144028
6/23/11,112.818695
6/24/11,111.508476
6/27/11,112.502113
6/28/11,113.970627
6/29/11,114.946709
6/30/11,116.045853
7/1/11,117.760529
7/5/11,117.663811
7/6/11,117.80452
7/7/11,119.026787
7/8/11,118.182632
7/11/11,116.045853
7/12/11,115.544632
7/13/11,115.931519
7/14/11,115.131355
7/15/11,115.799622
7/18/11,114.849953
7/19/11,116.714142
7/20/11,116.643768
7/21/11,118.261749
7/22/11,118.340912
7/25/11,117.681396
7/26/11,117.24176
7/27/11,114.841164
7/28/11,114.506981
7/29/11,113.724403
8/1/11,113.240768
8/2/11,110.347733
8/3/11,110.945709
8/4/11,105.748848
8/5/11,105.590553
8/8/11,98.714157
8/9/11,103.304276
8/10/11,98.740524
8/11/11,103.172386
8/12/11,103.86705
8/15/11,106.065399
8/16/11,105.159698
8/17/11,105.230026
8/18/11,100.692657
8/19/11,99.048294
8/22/11,99.127441
8/23/11,102.389786
8/24/11,103.831886
8/25/11,102.249069
8/26/11,103.735153
8/29/11,106.716103
8/30/11,106.997498
8/31/11,107.472336
9/1/11,106.346794
9/2/11,103.629616
9/6/11,102.873398
9/7/11,105.775223
9/8/11,104.676056
9/9/11,101.932526
9/12/11,102.59201
9/13/11,103.532898
9/14/11,104.966232
9/15/11,106.777649
9/16/11,107.40963
9/19/11,106.340134
9/20/11,106.216393
9/21/11,103.087433
9/22/11,99.755173
9/23/11,100.356216
9/26/11,102.742722
9/27/11,103.891785
9/28/11,101.770439
9/29/11,102.574776
9/30/11,100.011536
10/3/11,97.165421
10/4/11,99.29557
10/5/11,101.134071
10/6/11,102.963692
10/7/11,102.274269
10/10/11,105.694878
10/11/11,105.800964
10/12/11,106.729034
10/13/11,106.516907
10/14/11,108.337692
10/17/11,106.269417
10/18/11,108.346558
10/19/11,107.064919
10/20/11,107.533386
10/21/11,109.57515
10/24/11,110.918633
10/25/11,108.761978
10/26/11,109.866837
10/27/11,113.694054
10/28/11,113.667542
10/31/11,110.927498
11/1/11,107.833885
11/2/11,109.592827
11/3/11,111.590408
11/4/11,110.909798
11/7/11,111.599236
11/8/11,113.031136
11/9/11,108.859207
11/10/11,109.884521
11/11/11,111.952797
11/14/11,110.892128
11/15/11,111.440109
11/16/11,109.672379
11/17/11,107.931107
11/18/11,107.816223
11/21/11,105.765594
11/22/11,105.350166
11/23/11,103.025574
11/25/11,102.8311
11/28/11,105.809799
11/29/11,106.110321
11/30/11,110.476692
12/1/11,110.459015
12/2/11,110.361816
12/5/11,111.563896
12/6/11,111.599236
12/7/11,112.014664
12/8/11,109.557465
12/9/11,111.413628
12/12/11,109.787277
12/13/11,108.761978
12/14/11,107.60408
12/15/11,107.993004
12/16/11,108.153107
12/19/11,106.996758
12/20/11,110.23452
12/21/11,110.447975
12/22/11,111.426422
12/23/11,112.422668
12/27/11,112.511604
12/28/11,111.035049
12/29/11,112.18248
12/30/11,111.631004
1/3/12,113.409981
1/4/12,113.587898
1/5/12,113.890289
1/6/12,113.596779
1/9/12,113.872536
1/10/12,114.859879
1/11/12,114.922119
1/12/12,115.197845
1/13/12,114.601898
1/17/12,115.046661
1/18/12,116.318634
1/19/12,116.932365
1/20/12,117.368187
1/23/12,117.065796
1/24/12,116.932365
1/25/12,117.910812
1/26/12,117.305977
1/27/12,117.252594
1/30/12,116.852287
1/31/12,116.807838
2/1/12,117.830765
2/2/12,118.01754
2/3/12,119.671989
2/6/12,119.591965
2/7/12,119.894379
2/8/12,120.25016
2/9/12,120.401352
2/10/12,119.511894
2/13/12,120.401352
2/14/12,120.25016
2/15/12,119.689774
2/16/12,121.015137
2/17/12,121.33535
2/21/12,121.388725
2/22/12,120.99736
2/23/12,121.531013
2/24/12,121.797852
2/27/12,122.002457
2/28/12,122.358253
2/29/12,121.877937
3/1/12,122.509476
3/2/12,122.135902
3/5/12,121.637772
3/6/12,119.858788
3/7/12,120.694908
3/8/12,121.895721
3/9/12,122.367119
3/12/12,122.376053
3/13/12,124.581978
3/14/12,124.44857
3/15/12,125.169029
3/16/12,125.342308
3/19/12,125.833717
3/20/12,125.467476
3/21/12,125.261963
3/22/12,124.359634
3/23/12,124.761673
3/26/12,126.512703
3/27/12,126.119583
3/28/12,125.49424
3/29/12,125.279823
3/30/12,125.797989
4/2/12,126.71817
4/3/12,126.199997
4/4/12,124.94928
4/5/12,124.886749
4/9/12,123.4841
4/10/12,121.411469
4/11/12,122.394203
4/12/12,123.993332
4/13/12,122.519249
4/16/12,122.438873
4/17/12,124.252449
4/18/12,123.83255
4/19/12,123.037415
4/20/12,123.242889
4/23/12,122.206589
4/24/12,122.671143
4/25/12,124.350708
4/26/12,125.217293
4/27/12,125.422768
4/30/12,124.958191
5/1/12,125.735435
5/2/12,125.360245
5/3/12,124.40432
5/4/12,122.394203
5/7/12,122.483521
5/8/12,121.992165
5/9/12,121.268509
5/10/12,121.518684
5/11/12,121.152359
5/14/12,119.812279
5/15/12,119.124352
5/16/12,118.668747
5/17/12,116.908783
5/18/12,115.908188
5/21/12,117.900429
5/22/12,118.105919
5/23/12,118.168434
5/24/12,118.400726
5/25/12,118.016594
5/29/12,119.445999
5/30/12,117.712822
5/31/12,117.453743
6/1/12,114.49662
6/4/12,114.443039
6/5/12,115.309616
6/6/12,117.900429
6/7/12,117.971909
6/8/12,118.909973
6/11/12,117.400154
6/12/12,118.749138
6/13/12,117.989792
6/14/12,119.240532
6/15/12,120.46003
6/18/12,120.693527
6/19/12,121.860931
6/20/12,121.663368
6/21/12,118.933388
6/22/12,119.849388
6/25/12,117.927628
6/26/12,118.520309
6/27/12,119.588974
6/28/12,119.247711
6/29/12,122.220154
7/2/12,122.588318
7/3/12,123.396545
7/5/12,122.83976
7/6/12,121.672394
7/9/12,121.519691
7/10/12,120.46003
7/11/12,120.478004
7/12/12,119.89431
7/13/12,121.905853
7/16/12,121.618446
7/17/12,122.453629
7/18/12,123.360611
7/19/12,123.683891
7/20/12,122.552414
7/23/12,121.313156
7/24/12,120.271431
7/25/12,120.298409
7/26/12,122.282997
7/27/12,124.53701
7/30/12,124.53701
7/31/12,123.66597
8/1/12,123.558167
8/2/12,122.705086
8/3/12,125.138718
8/6/12,125.381165
8/7/12,126.009766
8/8/12,126.16243
8/9/12,126.27021
8/10/12,126.476768
8/13/12,126.413872
8/14/12,126.431816
8/15/12,126.575531
8/16/12,127.509491
8/17/12,127.680107
8/20/12,127.689095
8/21/12,127.302933
8/22/12,127.356796
8/23/12,126.315102
8/24/12,127.078415
8/27/12,127.105362
8/28/12,126.97963
8/29/12,127.078415
8/30/12,126.16243
8/31/12,126.764137
9/4/12,126.647362
9/5/12,126.539627
9/6/12,129.107925
9/7/12,129.610825
9/10/12,128.874435
9/11/12,129.233673
9/12/12,129.664688
9/13/12,131.64035
9/14/12,132.224045
9/17/12,131.775055
9/18/12,131.667297
9/19/12,131.739151
9/20/12,131.748093
9/21/12,131.693054
9/24/12,131.494415
9/25/12,130.095093
9/26/12,129.36377
9/27/12,130.582581
9/28/12,129.977707
10/1/12,130.320786
10/2/12,130.456223
10/3/12,130.988846
10/4/12,131.927765
10/5/12,131.936798
10/8/12,131.485367
10/9/12,130.185349
10/10/12,129.354752
10/11/12,129.427002
10/12/12,129.00264
10/15/12,130.077026
10/16/12,131.395096
10/17/12,131.990982
10/18/12,131.647919
10/19/12,129.454056
10/22/12,129.472137
10/23/12,127.675522
10/24/12,127.3144
10/25/12,127.684525
10/26/12,127.612312
10/31/12,127.612312
11/1/12,128.948517
11/2/12,127.801941
11/5/12,128.063751
11/6/12,129.065872
11/7/12,126.140778
11/8/12,124.624039
11/9/12,124.732384
11/12/12,124.83168
11/13/12,124.398338
11/14/12,122.719101
11/15/12,122.511452
11/16/12,123.116325
11/19/12,125.608109
11/20/12,125.66227
11/21/12,125.89698
11/23/12,127.612312
11/26/12,127.341492
11/27/12,126.691475
11/28/12,127.71167
11/29/12,128.30748
11/30/12,128.334595
12/3/12,127.702637
12/4/12,127.522049
12/5/12,127.747765
12/6/12,128.181091
12/7/12,128.56929
12/10/12,128.623474
12/11/12,129.499207
12/12/12,129.562393
12/13/12,128.767944
12/14/12,128.289444
12/17/12,129.79715
12/18/12,131.241653
12/19/12,130.266586
12/20/12,131.01593
12/21/12,129.826675
12/24/12,129.42662
12/26/12,128.881104
12/27/12,128.708344
12/28/12,127.31723
12/31/12,129.481186
1/2/13,132.799774
1/3/13,132.499771
1/4/13,133.08168
1/7/13,132.718002
1/8/13,132.336105
1/9/13,132.672501
1/10/13,133.727203
1/11/13,133.718124
1/14/13,133.627228
1/15/13,133.718124
1/16/13,133.699936
1/17/13,134.563721
1/18/13,134.863739
1/22/13,135.591141
1/23/13,135.809311
1/24/13,135.845688
1/25/13,136.609436
1/28/13,136.445786
1/29/13,136.982208
1/30/13,136.445786
1/31/13,136.109344
2/1/13,137.509537
2/4/13,135.963882
2/5/13,137.336807
2/6/13,137.436829
2/7/13,137.25499
2/8/13,138.018723
2/11/13,137.991425
2/12/13,138.218719
2/13/13,138.336899
2/14/13,138.464203
2/15/13,138.300568
2/19/13,139.337082
2/20/13,137.600464
2/21/13,136.763992
2/22/13,138.100525
2/25/13,135.472931
2/26/13,136.400284
2/27/13,138.118744
2/28/13,137.845963
3/1/13,138.300568
3/4/13,139.037048
3/5/13,140.282608
3/6/13,140.473602
3/7/13,140.728149
3/8/13,141.328232
3/11/13,141.86467
3/12/13,141.546463
3/13/13,141.74649
3/14/13,142.501129
3/15/13,142.312988
3/18/13,141.527573
3/19/13,141.198853
3/20/13,142.18515
3/21/13,140.970474
3/22/13,142.102951
3/25/13,141.509338
3/26/13,142.641739
3/27/13,142.641739
3/28/13,143.080154
4/1/13,142.513931
4/2/13,143.217133
4/3/13,141.76506
4/4/13,142.340408
4/5/13,141.701111
4/8/13,142.660019
4/9/13,143.153168
4/10/13,144.906647
4/11/13,145.381546
4/12/13,145.025375
4/15/13,141.664597
4/16/13,143.755966
4/17/13,141.655472
4/18/13,140.769592
4/19/13,141.993362
4/22/13,142.62352
4/23/13,144.093857
4/24/13,144.185181
4/25/13,144.769684
4/26/13,144.513947
4/29/13,145.48201
4/30/13,145.829071
5/1/13,144.550461
5/2/13,145.89296
5/3/13,147.372452
5/6/13,147.746887
5/7/13,148.495743
5/8/13,149.171555
5/9/13,148.75148
5/10/13,149.235489
5/13/13,149.354218
5/14/13,150.897598
5/15/13,151.710419
5/16/13,150.998077
5/17/13,152.459305
5/20/13,152.450134
5/21/13,152.669357
5/22/13,151.53688
5/23/13,151.098511
5/24/13,150.970642
5/28/13,151.874802
5/29/13,150.888474
5/30/13,151.445572
5/31/13,149.272018
6/3/13,150.093994
6/4/13,149.372467
6/5/13,147.281082
6/6/13,148.614441
6/7/13,150.504929
6/10/13,150.504929
6/11/13,148.952377
6/12/13,147.719452
6/13/13,149.96608
6/14/13,149.025406
6/17/13,150.176147
6/18/13,151.363403
6/19/13,149.272018
6/20/13,145.573334
6/21/13,146.04068
6/24/13,144.195282
6/25/13,145.581604
6/26/13,147.02301
6/27/13,147.886017
6/28/13,147.28009
7/1/13,148.143066
7/2/13,148.005371
7/3/13,148.069626
7/5/13,149.667099
7/8/13,150.52092
7/9/13,151.604248
7/10/13,151.659363
7/11/13,153.725067
7/12/13,153.789307
7/15/13,154.376877
7/16/13,153.798508
7/17/13,154.193283
7/18/13,155.037903
7/19/13,155.313339
7/22/13,155.616302
7/23/13,155.285797
7/24/13,154.716583
7/25/13,155.092972
7/26/13,155.25827
7/29/13,154.780869
7/30/13,154.780869
7/31/13,154.891037
8/1/13,156.68132
8/2/13,156.947556
8/5/13,156.718033
8/6/13,155.827469
8/7/13,155.32254
8/8/13,155.891754
8/9/13,155.441879
8/12/13,155.25827
8/13/13,155.717331
8/14/13,154.918564
8/15/13,152.751892
8/16/13,152.246933
8/19/13,151.273773
8/20/13,152.017426
8/21/13,151.080963
8/22/13,152.458084
8/23/13,152.972198
8/26/13,152.403
8/27/13,149.951736
8/28/13,150.484192
8/29/13,150.722885
8/30/13,150.245468
9/3/13,150.924866
9/4/13,152.173477
9/5/13,152.366272
9/6/13,152.439728
9/9/13,153.899506
9/10/13,155.037903
9/11/13,155.524475
9/12/13,155.111359
9/13/13,155.46022
9/16/13,156.359955
9/17/13,157.057755
9/18/13,158.875519
9/19/13,158.609314
9/20/13,157.500397
9/23/13,156.771561
9/24/13,156.402542
9/25/13,155.950439
9/26/13,156.55014
9/27/13,155.83049
9/30/13,155.000229
10/1/13,156.227249
10/2/13,156.079636
10/3/13,154.640442
10/4/13,155.812073
10/7/13,154.465118
10/8/13,152.666138
10/9/13,152.776825
10/10/13,156.070419
10/11/13,157.075974
10/14/13,157.703369
10/15/13,156.559372
10/16/13,158.745834
10/17/13,159.806839
10/18/13,160.8862
10/21/13,160.895432
10/22/13,161.827194
10/23/13,161.052246
10/24/13,161.587341
10/25/13,162.325378
10/28/13,162.58371
10/29/13,163.450897
10/30/13,162.639053
10/31/13,162.177795
11/1/13,162.565247
11/4/13,163.137268
11/5/13,162.620621
11/6/13,163.450897
11/7/13,161.384369
11/8/13,163.5616
11/11/13,163.589294
11/12/13,163.257202
11/13/13,164.5672
11/14/13,165.388306
11/15/13,166.10791
11/18/13,165.526672
11/19/13,165.166931
11/20/13,164.650269
11/21/13,165.97876
11/22/13,166.809036
11/25/13,166.64299
11/26/13,166.689117
11/27/13,167.095047
11/29/13,166.98436
12/2/13,166.55072
12/3/13,165.831116
12/4/13,165.812683
12/5/13,165.083847
12/6/13,166.928986
12/9/13,167.353348
12/10/13,166.753708
12/11/13,164.880905
12/12/13,164.336578
12/13/13,164.3181
12/16/13,165.342148
12/17/13,164.816299
12/18/13,167.630127
12/19/13,167.436401
12/20/13,168.410339
12/23/13,169.31012
12/24/13,169.681137
12/26/13,170.543793
12/27/13,170.534515
12/30/13,170.506699
12/31/13,171.313675
1/2/14,169.671844
1/3/14,169.644043
1/6/14,169.152451
1/7/14,170.191315
1/8/14,170.228394
1/9/14,170.339706
1/10/14,170.803513
1/13/14,168.53093
1/14/14,170.367523
1/15/14,171.285843
1/16/14,171.063202
1/17/14,170.339706
1/21/14,170.840591
1/22/14,170.95192
1/23/14,169.55127
1/24/14,165.933746
1/27/14,165.117477
1/28/14,166.100693
1/29/14,164.505264
1/30/14,166.2491
1/31/14,165.275162
2/3/14,161.555603
2/4/14,162.68721
2/5/14,162.483185
2/6/14,164.625854
2/7/14,166.666504
2/10/14,166.972641
2/11/14,168.799957
2/12/14,168.883438
2/13/14,169.755341
2/14/14,170.692184
2/18/14,170.896271
2/19/14,169.764618
2/20/14,170.766403
2/21/14,170.571609
2/24/14,171.517715
2/25/14,171.45282
2/26/14,171.462067
2/27/14,172.361832
2/28/14,172.797791
3/3/14,171.582672
3/4/14,173.994339
3/5/14,174.152039
3/6/14,174.550873
3/7/14,174.625092
3/10/14,174.532349
3/11/14,173.669693
3/12/14,173.71608
3/13/14,171.768158
3/14/14,171.285843
3/17/14,172.834885
3/18/14,174.068573
3/19/14,173.140976
3/20/14,174.152039
3/21/14,173.476578
3/24/14,172.759201
3/25/14,173.579056
3/26/14,172.330627
3/27/14,171.967285
3/28/14,172.815094
3/31/14,174.231232
4/1/14,175.38649
4/2/14,175.973465
4/3/14,175.74054
4/4/14,173.662933
4/7/14,171.743637
4/8/14,172.451752
4/9/14,174.305771
4/10/14,170.644302
4/11/14,169.107071
4/14/14,170.439346
4/15/14,171.613251
4/16/14,173.411362
4/17/14,173.653595
4/21/14,174.259171
4/22/14,175.051102
4/23/14,174.641174
4/24/14,174.995193
4/25/14,173.56041
4/28/14,174.110123
4/29/14,174.920654
4/30/14,175.442413
5/1/14,175.461014
5/2/14,175.209473
5/5/14,175.544876
5/6/14,174.016968
5/7/14,175.041794
5/8/14,174.855423
5/9/14,175.116318
5/12/14,176.821274
5/13/14,176.97966
5/14/14,176.141144
5/15/14,174.594574
5/16/14,175.200165
5/19/14,175.843018
5/20/14,174.734329
5/21/14,176.206345
5/22/14,176.634903
5/23/14,177.342987
5/27/14,178.433075
5/28/14,178.302628
5/29/14,179.225006
5/30/14,179.513794
6/2/14,179.71875
6/3/14,179.62558
6/4/14,179.988937
6/5/14,181.162842
6/6/14,182.029297
6/9/14,182.215637
6/10/14,182.234253
6/11/14,181.600723
6/12/14,180.315018
6/13/14,180.864716
6/16/14,181.013763
6/17/14,181.516876
6/18/14,182.849167
6/19/14,183.054138
6/20/14,183.425766
6/23/14,183.369583
6/24/14,182.264969
6/25/14,183.088791
6/26/14,182.957703
6/27/14,183.313431
6/30/14,183.219818
7/1/14,184.446152
7/2/14,184.633377
7/3/14,185.541428
7/7/14,184.895462
7/8/14,183.706604
7/9/14,184.530411
7/10/14,183.800201
7/11/14,184.052994
7/14/14,184.979752
7/15/14,184.633377
7/16/14,185.316742
7/17/14,183.210464
7/18/14,185.082748
7/21/14,184.736343
7/22/14,185.541428
7/23/14,185.953339
7/24/14,185.962677
7/25/14,185.092102
7/28/14,185.166977
7/29/14,184.371231
7/30/14,184.399353
7/31/14,180.757797
8/1/14,180.205475
8/4/14,181.506683
8/5/14,179.746735
8/6/14,179.802933
8/7/14,178.829391
8/8/14,180.898209
8/11/14,181.422424
8/12/14,181.169693
8/13/14,182.396027
8/14/14,183.257263
8/15/14,183.219818
8/18/14,184.755035
8/19/14,185.719284
8/20/14,186.215424
8/21/14,186.758392
8/22/14,186.468185
8/25/14,187.413681
8/26/14,187.53537
8/27/14,187.46051
8/28/14,187.357544
8/29/14,187.891129
9/2/14,187.797501
9/3/14,187.694519
9/4/14,187.423065
9/5/14,188.265579
9/8/14,187.778809
9/9/14,186.58992
9/10/14,187.291977
9/11/14,187.507278
9/12/14,186.412048
9/15/14,186.271591
9/16/14,187.675797
9/17/14,187.928543
9/18/14,188.930222
9/19/14,188.759995
9/22/14,187.3022
9/23/14,186.230011
9/24/14,187.687805
9/25/14,184.659363
9/26/14,186.126556
9/29/14,185.78801
9/30/14,185.29892
10/1/14,182.787766
10/2/14,182.815994
10/3/14,184.82869
10/6/14,184.61235
10/7/14,181.762634
10/8/14,184.941513
10/9/14,181.27356
10/10/14,179.204422
10/13/14,176.260666
10/14/14,176.533386
10/15/14,175.338928
10/16/14,175.188446
10/17/14,177.257584
10/20/14,178.978745
10/21/14,182.524445
10/22/14,181.226532
10/23/14,183.333237
10/24/14,184.744034
10/27/14,184.490067
10/28/14,186.606232
10/29/14,186.324051
10/30/14,187.518539
10/31/14,189.662857
11/3/14,189.766342
11/4/14,189.108002
11/5/14,190.302429
11/6/14,191.064209
11/7/14,191.24295
11/10/14,191.844864
11/11/14,192.032959
11/12/14,191.826065
11/13/14,192.042374
11/14/14,192.089417
11/17/14,192.211609
11/18/14,193.321472
11/19/14,193.011093
11/20/14,193.34967
11/21/14,194.384232
11/24/14,194.929703
11/25/14,194.788651
11/26/14,195.28714
11/28/14,194.873306
12/1/14,193.518982
12/2/14,194.769821
12/3/14,195.522232
12/4/14,195.305923
12/5/14,195.625717
12/8/14,194.318405
12/9/14,194.186707
12/10/14,191.073654
12/11/14,192.042374
12/12/14,188.93869
12/15/14,187.640808
12/16/14,186.135956
12/17/14,189.785172
12/18/14,194.478271
12/19/14,195.305756
12/22/14,196.204178
12/23/14,196.468994
12/24/14,196.487885
12/26/14,197.121506
12/29/14,197.386292
12/30/14,196.327133
12/31/14,194.378952
1/2/15,194.274948
1/5/15,190.766403
1/6/15,188.969589
1/7/15,191.324356
1/8/15,194.719437
1/9/15,193.159027
1/12/15,191.645905
1/13/15,191.106888
1/14/15,189.953125
1/15/15,188.213028
1/16/15,190.681305
1/20/15,191.087936
1/21/15,192.052582
1/22/15,194.908569
1/23/15,193.83992
1/26/15,194.293869
1/27/15,191.731033
1/28/15,189.272217
1/29/15,191.021774
1/30/15,188.619705
2/2/15,190.955566
2/3/15,193.71701
2/4/15,192.97937
2/5/15,194.92749
2/6/15,194.388443
2/9/15,193.518417
2/10/15,195.580032
2/11/15,195.693497
2/12/15,197.575455
2/13/15,198.388733
2/17/15,198.700851
2/18/15,198.719742
2/19/15,198.577896
2/20/15,199.76947
2/23/15,199.741104
2/24/15,200.308533
2/25/15,200.13829
2/26/15,199.901886
2/27/15,199.220978
3/2/15,200.478745
3/3/15,199.655975
3/4/15,198.814301
3/5/15,199.03183
3/6/15,196.232544
3/9/15,197.045868
3/10/15,193.84938
3/11/15,193.395477
3/12/15,195.854294
3/13/15,194.653229
3/16/15,197.253906
3/17/15,196.667572
3/18/15,199.03183
3/19/15,198.123962
3/20/15,199.872757
3/23/15,199.483292
3/24/15,198.362396
3/25/15,195.455627
3/26/15,194.990158
3/27/15,195.43663
3/30/15,197.820938
3/31/15,196.092072
4/1/15,195.398621
4/2/15,196.101593
4/6/15,197.421997
4/7/15,196.899506
4/8/15,197.564453
4/9/15,198.43837
4/10/15,199.521286
4/13/15,198.618866
4/14/15,198.998886
4/15/15,199.891754
4/16/15,199.834747
4/17/15,197.53595
4/20/15,199.340805
4/21/15,199.103348
4/22/15,200.081757
4/23/15,200.585205
4/24/15,201.050659
4/27/15,200.214722
4/28/15,200.851166
4/29/15,200.02475
4/30/15,198.020447
5/1/15,200.167221
5/4/15,200.737183
5/5/15,198.43837
5/6/15,197.621445
5/7/15,198.409882
5/8/15,201.022171
5/11/15,200.062759
5/12/15,199.464279
5/13/15,199.502304
5/14/15,201.582626
5/15/15,201.801102
5/18/15,202.428055
5/19/15,202.361557
5/20/15,202.219055
5/21/15,202.808014
5/22/15,202.323578
5/26/15,200.148239
5/27/15,202.048065
5/28/15,201.820114
5/29/15,200.566223
6/1/15,200.974686
6/2/15,200.775192
6/3/15,201.307129
6/4/15,199.606812
6/5/15,199.264816
6/8/15,197.982407
6/9/15,198.010941
6/10/15,200.395233
6/11/15,201.050659
6/12/15,199.416779
6/15/15,198.628357
6/16/15,199.720764
6/17/15,200.043747
6/18/15,202.057587
6/19/15,201.227112
6/22/15,202.258041
6/23/15,202.410767
6/24/15,200.940765
6/25/15,200.291672
6/26/15,200.35849
6/29/15,196.129883
6/30/15,196.530777
7/1/15,198.13443
7/2/15,197.895798
7/6/15,197.275314
7/7/15,198.554398
7/8/15,195.23259
7/9/15,195.490326
7/10/15,198.048508
7/13/15,200.224838
7/14/15,201.141205
7/15/15,201.055313
7/16/15,202.620773
7/17/15,202.811676
7/20/15,202.954849
7/21/15,202.133942
7/22/15,201.685318
7/23/15,200.58757
7/24/15,198.487595
7/27/15,197.342163
7/28/15,199.795319
7/29/15,201.188965
7/30/15,201.236664
7/31/15,200.883484
8/3/15,200.196228
8/4/15,199.804901
8/5/15,200.549408
8/6/15,198.878952
8/7/15,198.468506
8/10/15,201.055313
8/11/15,199.174866
8/12/15,199.42305
8/13/15,199.213058
8/14/15,199.843033
8/17/15,200.988495
8/18/15,200.387131
8/19/15,198.812164
8/20/15,194.736252
8/21/15,188.646271
8/24/15,180.933563
8/25/15,178.719009
8/26/15,185.830338
8/27/15,190.106735
8/28/15,190.18309
8/31/15,188.560333
9/1/15,183.052628
9/2/15,186.527176
9/3/15,186.756287
9/4/15,183.835388
9/8/15,188.483994
9/9/15,185.906708
9/10/15,186.947174
9/11/15,187.796707
9/14/15,187.071259
9/15/15,189.42897
9/16/15,191.042175
9/17/15,190.622177
9/18/15,187.449081
9/21/15,188.485336
9/22/15,186.048203
9/23/15,185.76033
9/24/15,185.117477
9/25/15,185.059891
9/28/15,180.300735
9/29/15,180.463852
9/30/15,183.831741
10/1/15,184.349884
10/2/15,187.103653
10/5/15,190.433151
10/6/15,189.780655
10/7/15,191.335052
10/8/15,193.062195
10/9/15,193.177322
10/12/15,193.359619
10/13/15,192.141052
10/14/15,191.219925
10/15/15,194.156036
10/16/15,195.038757
10/19/15,195.13472
10/20/15,194.885239
10/21/15,193.67627
10/22/15,196.900223
10/23/15,199.116684
10/26/15,198.608124
10/27/15,198.205124
10/28/15,200.479156
10/29/15,200.431198
10/30/15,199.510071
11/2/15,201.870438
11/3/15,202.45575
11/4/15,201.860855
11/5/15,201.640137
11/6/15,201.534607
11/9/15,199.653992
11/10/15,200.114563
11/11/15,199.327774
11/12/15,196.545181
11/13/15,194.338318
11/16/15,197.293594
11/17/15,197.149673
11/18/15,200.277679
11/19/15,200.104935
11/20/15,200.834167
11/23/15,200.603912
11/24/15,200.872559
11/25/15,200.843796
11/27/15,201.074051
11/30/15,200.239273
12/1/15,202.148697
12/2/15,200.085754
12/3/15,197.284027
12/4/15,201.131638
12/7/15,199.913055
12/8/15,198.569717
12/9/15,197.024933
12/10/15,197.533478
12/11/15,193.705078
12/14/15,194.683716
12/15/15,196.727493
12/16/15,199.606003
12/17/15,196.564377
12/18/15,193.062592
12/21/15,194.655182
12/22/15,196.421539
12/23/15,198.853882
12/24/15,198.525696
12/28/15,198.072052
12/29/15,200.185867
12/30/15,198.766998
12/31/15,196.778656
1/4/16,194.027802
1/5/16,194.355972
1/6/16,191.904297
1/7/16,187.300232
1/8/16,185.244324
1/11/16,185.427719
1/12/16,186.923798
1/13/16,182.26181
1/14/16,185.253952
1/15/16,181.277283
1/19/16,181.518585
1/20/16,179.192429
1/21/16,180.196243
1/22/16,183.893005
1/25/16,181.11319
1/26/16,183.584122
1/27/16,181.586151
1/28/16,182.532059
1/29/16,186.981705
2/1/16,186.914139
2/2/16,183.545532
2/3/16,184.645874
2/4/16,184.935455
2/5/16,181.412415
2/8/16,178.970413
2/9/16,178.980057
2/10/16,178.825623
2/11/16,176.499466
2/12/16,180.138336
2/16/16,183.178757
2/17/16,186.170944
2/18/16,185.408401
2/19/16,185.321533
2/22/16,188.004852
2/23/16,185.630402
2/24/16,186.479797
2/25/16,188.738388
2/26/16,188.304062
2/29/16,186.827271
3/1/16,191.219009
3/2/16,192.078049
3/3/16,192.830933
3/4/16,193.458298
3/7/16,193.612747
3/8/16,191.498901
3/9/16,192.444855
3/10/16,192.599243
3/11/16,195.70726
3/14/16,195.456329
3/15/16,195.137802
3/16/16,196.267075
3/17/16,197.512222
3/18/16,198.288376
3/21/16,198.569702
3/22/16,198.463013
3/23/16,197.153229
3/24/16,197.065903
3/28/16,197.182358
3/29/16,199.006317
3/30/16,199.879501
3/31/16,199.394394
4/1/16,200.75267
4/4/16,200.102631
4/5/16,198.104019
4/6/16,200.267578
4/7/16,197.871201
4/8/16,198.4048
4/11/16,197.939102
4/12/16,199.782471
4/13/16,201.800476
4/14/16,201.810165
4/15/16,201.587036
4/18/16,203.00351
4/19/16,203.643829
4/20/16,203.837891
4/21/16,202.741562
4/22/16,202.741562
4/25/16,202.392303
4/26/16,202.693039
4/27/16,203.110245
4/28/16,201.266861
4/29/16,200.180267
5/2/16,201.771393
5/3/16,200.01532
5/4/16,198.899582
5/5/16,198.860809
5/6/16,199.588425
5/9/16,199.753357
5/10/16,202.237061
5/11/16,200.345169
5/12/16,200.403397
5/13/16,198.657043
5/16/16,200.616852
5/17/16,198.744354
5/18/16,198.802582
5/19/16,198.113754
5/20/16,199.36528
5/23/16,199.093643
5/24/16,201.674347
5/25/16,203.042328
5/26/16,203.10054
5/27/16,203.973724
5/31/16,203.585632
6/1/16,204.002808
6/2/16,204.623734
6/3/16,204.012512
6/6/16,205.050644
6/7/16,205.370773
6/8/16,206.040222
6/9/16,205.75885
6/10/16,203.808792
6/13/16,202.237061
6/14/16,201.839279
6/15/16,201.557938
6/16/16,202.159454
6/17/16,201.40657
6/20/16,202.703644
6/21/16,203.279022
6/22/16,202.947449
6/23/16,205.590332
6/24/16,198.207794
6/27/16,194.657913
6/28/16,198.168762
6/29/16,201.543091
6/30/16,204.293274
7/1/16,204.722366
7/5/16,203.249756
7/6/16,204.468842
7/7/16,204.34201
7/8/16,207.384766
7/11/16,208.116226
7/12/16,209.627838
7/13/16,209.598572
7/14/16,210.768875
7/15/16,210.486038
7/18/16,211.051697
7/19/16,210.837143
7/20/16,211.714844
7/21/16,210.915146
7/22/16,211.861145
7/25/16,211.285736
7/26/16,211.38327
7/27/16,211.158981
7/28/16,211.402786
7/29/16,211.744095
8/1/16,211.568573
8/2/16,210.212997
8/3/16,210.827377
8/4/16,211.051697
8/5/16,212.777847
8/8/16,212.651093
8/9/16,212.777847
8/10/16,212.251236
8/11/16,213.236221
8/12/16,213.050934
8/15/16,213.665344
8/16/16,212.563309
8/17/16,212.96315
8/18/16,213.44104
8/19/16,213.128937
8/22/16,213.119186
8/23/16,213.548325
8/24/16,212.456039
8/25/16,212.309738
8/26/16,211.909882
8/29/16,212.953415
8/30/16,212.60231
8/31/16,211.997681
9/1/16,212.007401
9/2/16,212.96315
9/6/16,213.606827
9/7/16,213.587296
9/8/16,213.099701
9/9/16,207.999191
9/12/16,210.983398
9/13/16,207.950409
9/14/16,207.872406
9/15/16,209.949646
9/16/16,209.138077
9/19/16,209.177277
9/20/16,209.187073
9/21/16,211.539505
9/22/16,212.872513
9/23/16,211.706116
9/26/16,209.990829
9/27/16,211.294464
9/28/16,212.343246
9/29/16,210.422104
9/30/16,212.009979
10/3/16,211.500275
10/4/16,210.422104
10/5/16,211.353287
10/6/16,211.500275
10/7/16,210.774948
10/10/16,211.872757
10/11/16,209.196884
10/12/16,209.471359
10/13/16,208.785217
10/14/16,208.893036
10/17/16,208.16774
10/18/16,209.471359
10/19/16,210.030045
10/20/16,209.637985
10/21/16,209.735977
10/24/16,210.62796
10/25/16,209.922211
10/26/16,209.500748
10/27/16,208.942047
10/28/16,208.324539
10/31/16,208.334351
11/1/16,206.82489
11/2/16,205.580078
11/3/16,204.639114
11/4/16,204.413681
11/7/16,208.92244
11/8/16,209.863403
11/9/16,212.088394
11/10/16,212.617661
11/11/16,212.127594
11/14/16,212.29422
11/15/16,213.950699
11/16/16,213.548828
11/17/16,214.646622
11/18/16,214.166336
11/21/16,215.783615
11/22/16,216.205093
11/23/16,216.322693
11/25/16,217.126434
11/28/16,216.107071
11/29/16,216.528534
11/30/16,216.009033
12/1/16,215.215134
12/2/16,215.322937
12/5/16,216.616745
12/6/16,217.302887
12/7/16,220.145355
12/8/16,220.684448
12/9/16,222.017456
12/12/16,221.762619
12/13/16,223.242661
12/14/16,221.399963
12/15/16,222.311523
12/16/16,221.876724
12/19/16,222.359833
12/20/16,223.217606
12/21/16,222.596466
12/22/16,222.211945
12/23/16,222.537308
12/27/16,223.089447
12/28/16,221.245697
12/29/16,221.196426
12/30/16,220.387939